film_id,film_name,year_appearance,duration,rating,country,subtitles_availability,director_id
1,Обрыв чужой мечты,1973,235,2,КНДР,да,49
2,Эхо алой мечты,2002,91,1,Бельгия,да,34
3,Эхо потерянной тишины,1966,135,2,Саудовская Аравия,нет,97
4,Странник чужой доброты,1971,90,4,Барбадос,да,11
5,Голос твоей тишины,1958,174,2,Италия,да,69
6,Странник твоей мечты,1970,139,3,Белоруссия,да,43
7,Эхо звездной страсти,1953,148,1,Мавритания,да,52
8,Голос твоей мелодии,2006,93,2,Италия,нет,78
9,Равновесие алой мелодии,1963,126,3,Непал,да,17
10,Ангел хрустальной реальности,2004,209,1,Буркина-Фасо,нет,12
11,Равновесие блестящей страсти,2006,129,5,Монголия,нет,88
12,Страницы покинутой реальности,2004,122,4,Мексика,нет,56
13,Ангел блестящей легенды,1981,86,1,Барбадос,нет,56
14,Момент волшебной тишины,1973,236,5,Италия,да,35
15,Обрыв хрустальной доброты,1981,156,1,Эритрея,нет,89
16,Равновесие алой тишины,2013,69,4,Люксембург,нет,18
17,Секрет воздушной реальности,2000,157,4,КНДР,нет,53
18,Страницы волшебной мечты,1985,217,1,Тувалу,нет,27
19,Странник после легенды,1951,149,1,Венесуэла,нет,56
20,Дождь твоей мечты,1972,235,1,Руанда,нет,100
21,Эхо твоей мелодии,1963,114,3,Новая Зеландия,нет,3
22,Дождь счастливой тишины,2023,72,3,Швейцария,нет,66
23,Ангел чужой мечты,2000,180,1,Норвегия,да,20
24,Туман алой легенды,2014,234,2,Бразилия,да,40
25,Дождь покинутой тишины,1952,163,5,Литва,да,93
26,Эхо цветной страсти,1989,76,4,Науру,да,30
27,Обрывок звездной тишины,1989,209,4,Республика Конго,да,60
28,Ложь счастливой мечты,1980,151,2,Того,да,23
29,Туман необычной дороги,1957,152,5,Казахстан,нет,50
30,Обрывок твоей страсти,1987,86,2,Сент-Китс и Невис,да,75
31,Стена твоей доброты,1956,168,5,Чили,да,31
32,Момент чужой дороги,1986,213,4,Белоруссия,да,90
33,Небо потерянной мечты,1984,107,3,Сербия,да,60
34,Обрыв твоей тишины,1969,75,4,Науру,да,10
35,Ложь чужой легенды,1962,68,5,Шри-Ланка,нет,12
36,Странник твоей мелодии,1996,184,5,Сирия,да,60
37,Равновесие необычной тишины,1955,126,5,Гамбия,да,21
38,Момент алой страсти,2006,82,5,Тунис,да,58
39,Дождь чужой мечты,1957,129,2,Австрия,нет,94
40,Обрывок покинутой тишины,2020,108,4,Зимбабве,да,60
41,Странник воздушной тишины,1993,179,4,Мальдивы,да,33
42,Небо воображаемой мечты,2004,94,5,Панама,нет,60
43,Обрывок воображаемой дороги,1969,181,5,Литва,нет,68
44,Туман цветной тишины,1995,101,5,Барбадос,нет,74
45,Равновесие чужой доброты,2008,132,2,Мексика,нет,69
46,Ложь цветной тишины,1987,231,2,Хорватия,да,14
47,Ложь чужой мелодии,1980,111,1,Хорватия,да,89
48,Стена воздушной реальности,1960,61,1,Ангола,да,83
49,Обрыв чужой мечты,1982,191,2,Мексика,нет,9
50,Страницы цветной мечты,2009,119,1,Йемен,да,89
51,Равновесие звездной страсти,2008,73,2,Джибути,да,35
52,Страницы счастливой дороги,1987,91,4,Франция,да,27
53,Равновесие потерянной тишины,1967,130,5,Ямайка,нет,32
54,Странник алой тишины,2015,196,3,Босния и Герцеговина,нет,38
55,Эхо после дороги,1958,115,1,Саудовская Аравия,да,8
56,Момент твоей мелодии,2001,129,5,Зимбабве,нет,56
57,Обрыв необычной страсти,2020,83,2,Молдавия,да,53
58,Дождь блестящей дороги,1957,103,2,Буркина-Фасо,нет,29
59,Ложь чужой дороги,1959,98,1,Колумбия,да,97
60,Туман чужой дороги,1966,78,4,Кения,да,14
61,Обрыв чужой легенды,1969,176,4,ОАЭ,да,45
62,Голос блестящей тишины,1991,135,4,Парагвай,нет,58
63,Секрет цветной легенды,1995,235,5,Сент-Винсент и Гренадины,да,13
64,Дождь алой страсти,1967,105,1,США,нет,9
65,Ангел алой мелодии,1990,85,2,Габон,нет,66
66,Обрывок цветной дороги,1958,236,4,Таджикистан,да,9
67,Момент хрустальной мелодии,1990,125,2,Джибути,нет,62
68,Равновесие воздушной мелодии,1969,131,3,Испания,да,11
69,Ложь чужой дороги,1952,152,2,Парагвай,нет,40
70,Дождь чужой легенды,1983,100,3,Южный Судан,нет,50
71,Ангел звездной реальности,2008,203,4,Австрия,да,65
72,Эхо твоей тишины,2014,142,3,Мозамбик,нет,43
73,Эхо после легенды,2016,223,2,Бельгия,да,84
74,Ангел чужой легенды,1994,127,2,Фиджи,нет,91
75,Момент после мелодии,1965,153,5,Парагвай,нет,100
76,Странник счастливой страсти,2002,239,2,Австралия,нет,75
77,Обрыв воздушной реальности,1970,102,1,Нигерия,нет,93
78,Обрыв счастливой дороги,1961,84,4,Гондурас,да,81
79,Момент счастливой реальности,1990,89,3,Иордания,да,83
80,Небо потерянной страсти,2002,127,3,Польша,нет,79
81,Ангел алой доброты,1979,111,4,Сейшельские Острова,нет,51
82,Странник цветной дороги,2023,164,3,Палау,нет,79
83,Ангел волшебной тишины,2016,154,1,Великобритания,нет,5
84,Секрет звездной страсти,1966,119,3,Узбекистан,да,24
85,Странник твоей доброты,1961,189,1,Маршалловы Острова,нет,6
86,Обрыв цветной мечты,1997,211,3,Зимбабве,нет,80
87,Странник алой тишины,2000,110,1,Белоруссия,да,62
88,Эхо волшебной дороги,1991,120,1,Экваториальная Гвинея,нет,92
89,Голос воображаемой мечты,1979,61,1,Вануату,нет,94
90,Ложь хрустальной легенды,2015,217,1,Сан-Марино,нет,64
91,Дождь алой мечты,1953,210,5,Гондурас,да,97
92,Эхо необычной доброты,2017,173,3,Мавритания,нет,69
93,Стена воздушной мечты,2017,152,3,Марокко,да,42
94,Стена после дороги,1966,223,5,Марокко,да,87
95,Дождь счастливой тишины,1980,174,2,Казахстан,да,4
96,Ангел звездной реальности,2005,114,5,Уганда,нет,40
97,Момент цветной легенды,2016,148,3,Австралия,да,87
98,Стена алой мелодии,1984,224,5,Йемен,да,15
99,Стена алой страсти,1973,152,1,Самоа,да,91
100,Страницы после тишины,1970,135,4,Армения,да,97
101,Ложь необычной доброты,1988,82,1,Хорватия,нет,65
102,Страницы звездной легенды,1970,105,5,Россия,да,24
103,Секрет хрустальной мечты,1965,180,2,Палау,да,82
104,Эхо волшебной реальности,2001,197,1,Филиппины,нет,67
105,Дождь после дороги,1961,189,2,Сан-Марино,да,10
106,Туман волшебной тишины,1959,63,3,Гвинея-Бисау,нет,86
107,Странник твоей тишины,1964,231,5,Центральноафриканская Республика,да,60
108,Эхо воздушной страсти,1980,224,5,Египет,нет,74
109,Стена воображаемой доброты,1969,165,5,Иран,да,20
110,Обрывок после реальности,1954,112,5,Восточный Тимор,нет,10
111,Ангел цветной легенды,2003,151,5,Оман,да,33
112,Обрыв алой мелодии,1982,128,3,Италия,да,56
113,Голос потерянной дороги,1990,69,4,Уругвай,да,72
114,Обрывок звездной доброты,2008,205,2,Республика Конго,да,73
115,Обрыв воображаемой мелодии,1961,216,3,Сомали,да,66
116,Небо счастливой тишины,2003,137,4,Габон,нет,71
117,Ангел цветной дороги,1955,138,3,Сент-Люсия,да,69
118,Ложь алой мелодии,2009,205,3,Египет,да,56
119,Обрыв хрустальной мелодии,1999,60,4,Камерун,да,6
120,Голос цветной страсти,1953,104,5,Палау,нет,18
121,Обрывок алой тишины,1951,234,4,Федеративные Штаты Микронезии,да,28
122,Момент воображаемой доброты,2022,215,4,Коста-Рика,нет,84
123,Небо покинутой тишины,1988,184,4,Германия,да,66
124,Дождь воздушной страсти,1990,204,4,Непал,да,53
125,Момент волшебной тишины,1962,127,1,Дания,да,41
126,Ложь счастливой страсти,2012,199,4,Того,да,33
127,Странник воображаемой мелодии,1963,194,3,Камерун,да,32
128,Обрывок после мечты,1977,211,4,Вануату,нет,31
129,Обрывок звездной дороги,1957,181,3,Ботсвана,да,74
130,Стена воздушной легенды,1972,129,3,Эфиопия,да,81
131,Эхо после доброты,2021,153,4,Ирландия,да,48
132,Ложь твоей страсти,2004,149,3,Буркина-Фасо,да,74
133,Обрыв воображаемой страсти,1971,175,3,Маршалловы Острова,нет,36
134,Обрыв воображаемой доброты,1954,176,3,Люксембург,да,43
135,Эхо волшебной реальности,1952,213,2,Мальдивы,нет,87
136,Туман необычной реальности,1989,186,5,Бразилия,да,53
137,Секрет цветной реальности,1953,176,4,Чили,нет,8
138,Небо потерянной легенды,1995,142,5,Лесото,нет,52
139,Странник необычной реальности,1978,172,3,Замбия,да,62
140,Странник чужой доброты,1963,118,2,Норвегия,нет,97
141,Обрыв счастливой мелодии,1980,78,3,Чад,да,40
142,Обрывок звездной легенды,1964,95,5,Либерия,да,19
143,Ангел после страсти,1952,83,5,Боливия,да,86
144,Момент чужой страсти,2022,217,2,Соломоновы Острова,да,92
145,Ангел чужой мелодии,1995,116,3,Вануату,да,12
146,Обрыв потерянной мелодии,2004,168,5,Андорра,нет,8
147,Небо волшебной доброты,1969,197,2,Испания,нет,100
148,Обрывок воздушной мелодии,1977,206,3,Мозамбик,да,9
149,Страницы после дороги,1997,160,4,Андорра,нет,90
150,Страницы волшебной дороги,1968,238,5,Эквадор,нет,11
151,Обрывок чужой доброты,1954,196,2,Камбоджа,да,87
152,Голос цветной доброты,1964,191,5,Гватемала,да,6
153,Голос потерянной легенды,2012,232,3,Азербайджан,нет,24
154,Странник воображаемой легенды,1982,206,4,Саудовская Аравия,да,87
155,Туман воображаемой страсти,1960,121,5,Мьянма,да,3
156,Голос воздушной дороги,1970,139,2,Тринидад и Тобаго,да,84
157,Эхо алой реальности,2021,240,5,Эстония,да,27
158,Голос воображаемой мелодии,2016,62,1,Республика Конго,нет,82
159,Страницы счастливой мечты,2006,181,1,Япония,нет,23
160,Странник после доброты,1959,218,1,Сан-Марино,да,37
161,Странник потерянной мелодии,1975,145,4,Нигер,нет,35
162,Эхо цветной доброты,1970,74,4,Саудовская Аравия,нет,10
163,Обрывок чужой дороги,1992,179,1,Гаити,нет,47
164,Туман звездной легенды,1962,70,5,Эстония,нет,72
165,Небо воображаемой доброты,2011,72,4,Турция,да,33
166,Ангел счастливой тишины,1997,102,2,Непал,да,24
167,Обрывок воображаемой мелодии,2014,97,4,Вануату,да,76
168,Секрет воображаемой мелодии,1975,69,2,Панама,да,87
169,Обрыв счастливой дороги,1992,103,3,Финляндия,нет,4
170,Странник твоей реальности,2014,98,2,ОАЭ,нет,3
171,Стена звездной реальности,2016,117,2,Мальдивы,нет,4
172,Ангел звездной тишины,1990,124,4,Соломоновы Острова,да,75
173,Ангел цветной дороги,2001,76,4,Никарагуа,да,40
174,Ложь потерянной страсти,1976,118,2,Сербия,да,18
175,Эхо хрустальной мечты,1951,128,4,Эритрея,да,53
176,Стена воображаемой мечты,1972,111,4,Сьерра-Леоне,да,92
177,Обрыв воздушной реальности,1953,85,3,Дания,нет,42
178,Дождь блестящей реальности,1958,152,2,Египет,да,79
179,Голос твоей легенды,1980,106,3,Австралия,нет,82
180,Небо хрустальной страсти,1989,159,4,Коморы,да,76
181,Обрывок необычной страсти,1988,201,5,Мьянма,нет,5
182,Секрет необычной дороги,2021,116,2,Гайана,да,55
183,Голос цветной тишины,1965,159,5,Узбекистан,да,52
184,Обрыв потерянной легенды,1969,124,1,Босния и Герцеговина,да,99
185,Момент цветной тишины,1966,87,1,Сейшельские Острова,да,45
186,Страницы алой дороги,1968,191,4,Гондурас,нет,58
187,Обрыв чужой дороги,2005,138,3,Камерун,да,86
188,Равновесие алой мечты,1960,179,5,Доминиканская Республика,да,52
189,Ангел чужой мелодии,1968,131,4,Ирак,да,32
190,Обрывок цветной мелодии,1970,159,3,Азербайджан,да,19
191,Обрыв алой мелодии,1977,70,4,Черногория,нет,10
192,Момент чужой доброты,1980,152,4,Тувалу,да,75
193,Обрывок цветной реальности,1969,62,4,Греция,нет,9
194,Дождь алой мечты,2021,212,1,Бангладеш,да,66
195,Страницы алой доброты,2016,73,4,Кабо-Верде,да,39
196,Ложь после тишины,2014,84,5,Израиль,да,4
197,Туман твоей легенды,1981,84,5,Греция,да,69
198,Эхо покинутой дороги,2015,199,4,Швейцария,да,32
199,Стена звездной тишины,2010,95,3,Словения,нет,60
200,Стена покинутой мечты,2018,209,1,Сирия,да,58
201,Туман твоей легенды,1951,216,5,Бенин,да,49
202,Туман воображаемой тишины,1954,240,3,Сейшельские Острова,нет,96
203,Обрывок покинутой реальности,2009,199,2,Хорватия,нет,77
204,Обрыв необычной тишины,2003,108,4,Монголия,нет,30
205,Небо необычной страсти,2018,236,1,Того,да,76
206,Небо чужой мечты,2018,93,5,Сан-Марино,да,55
207,Дождь после легенды,2002,172,1,Руанда,нет,47
208,Странник после доброты,2013,171,1,Сирия,да,23
209,Ангел цветной мелодии,1959,65,5,Багамские Острова,нет,32
210,Стена потерянной легенды,2022,198,3,Никарагуа,да,14
211,Ангел счастливой легенды,1981,234,2,Великобритания,нет,75
212,Стена волшебной доброты,2009,158,1,Украина,да,18
213,Дождь хрустальной тишины,1957,232,3,Туркмения,да,30
214,Обрыв чужой тишины,1979,146,4,Эсватини,нет,12
215,Ложь счастливой доброты,1978,191,1,Латвия,нет,8
216,Эхо чужой мелодии,2008,104,5,Швейцария,да,52
217,Небо цветной дороги,2000,158,5,Сейшельские Острова,да,95
218,Эхо счастливой мечты,1968,149,2,Никарагуа,да,63
219,Обрыв чужой страсти,2010,105,1,Экваториальная Гвинея,нет,92
220,Равновесие воздушной дороги,1991,134,1,Молдавия,нет,68
221,Страницы алой реальности,2009,240,5,Гана,нет,27
222,Равновесие волшебной доброты,1958,229,3,Сан-Марино,нет,71
223,Равновесие после мелодии,2005,130,3,Бурунди,нет,65
224,Туман воображаемой легенды,1994,196,4,Австралия,да,83
225,Момент хрустальной страсти,2009,61,1,Сомали,да,40
226,Обрыв цветной доброты,1953,89,3,Суринам,нет,55
227,Обрывок воздушной тишины,2013,215,1,Таиланд,нет,4
228,Обрывок чужой мелодии,1950,122,4,Эсватини,нет,13
229,Обрыв волшебной реальности,1970,199,2,Бруней,нет,100
230,Момент волшебной мечты,2023,158,2,Мексика,да,40
231,Эхо воздушной мечты,2015,168,3,Мьянма,да,68
232,Эхо алой легенды,2015,160,5,Маврикий,нет,44
233,Ангел воображаемой доброты,1956,85,5,Йемен,да,69
234,Странник волшебной дороги,2023,222,3,Центральноафриканская Республика,нет,62
235,Эхо после реальности,2000,138,3,Сан-Томе и Принсипи,нет,48
236,Обрывок звездной тишины,1970,157,5,Оман,да,59
237,Равновесие блестящей реальности,1961,208,4,Киргизия,да,31
238,Эхо твоей доброты,1963,175,4,Эсватини,да,46
239,Ангел потерянной тишины,1973,85,3,Ямайка,нет,77
240,Стена потерянной страсти,1977,221,1,Мьянма,нет,68
241,Голос воображаемой доброты,2017,157,1,Сан-Томе и Принсипи,нет,21
242,Момент звездной мелодии,1986,123,5,Центральноафриканская Республика,нет,53
243,Эхо после реальности,2023,173,4,Кипр,нет,93
244,Страницы блестящей тишины,1984,138,4,Таджикистан,нет,39
245,Равновесие блестящей доброты,1985,86,5,Науру,да,64
246,Дождь чужой доброты,2004,122,2,Сьерра-Леоне,да,14
247,Страницы воздушной мечты,2016,94,4,Армения,да,44
248,Обрыв волшебной легенды,1979,71,3,Фиджи,да,48
249,Эхо твоей тишины,1951,116,3,Гана,нет,41
250,Стена блестящей дороги,1955,208,4,Андорра,да,20
251,Туман алой дороги,1962,123,3,Экваториальная Гвинея,нет,67
252,Момент алой мелодии,1980,200,4,Румыния,да,29
253,Странник цветной дороги,1974,211,2,Польша,да,58
254,Страницы необычной дороги,1965,113,2,Иордания,нет,22
255,Обрывок блестящей мечты,1956,141,3,Вьетнам,нет,11
256,Дождь цветной реальности,1978,121,5,Маврикий,нет,44
257,Небо чужой мечты,1995,84,5,Ливан,нет,45
258,Обрыв воздушной тишины,1995,178,1,Тринидад и Тобаго,да,45
259,Секрет необычной реальности,2012,60,1,Таджикистан,нет,3
260,Странник хрустальной реальности,1997,208,1,Нигерия,нет,9
261,Страницы счастливой мелодии,1991,68,5,Намибия,нет,36
262,Обрывок чужой дороги,1965,158,4,Эсватини,да,6
263,Страницы блестящей мелодии,1971,70,3,Тринидад и Тобаго,нет,8
264,Секрет воображаемой мелодии,1972,183,1,Малави,да,76
265,Голос блестящей тишины,2014,96,3,Босния и Герцеговина,да,77
266,Ложь звездной легенды,1987,218,5,Иордания,нет,59
267,Ложь хрустальной мелодии,2006,70,1,Словакия,нет,100
268,Обрыв хрустальной мелодии,1976,171,4,Кирибати,да,19
269,Небо потерянной легенды,1992,82,5,Узбекистан,нет,38
270,Туман покинутой страсти,1988,126,3,Мавритания,да,41
271,Стена чужой тишины,1959,134,4,Кабо-Верде,нет,19
272,Небо потерянной тишины,1954,153,3,Армения,нет,9
273,Дождь звездной мечты,1991,132,4,Монако,да,66
274,Небо потерянной тишины,1971,211,5,Чили,нет,17
275,Равновесие чужой страсти,1950,97,1,Лихтенштейн,да,83
276,Стена цветной мечты,2022,100,2,Ливия,нет,41
277,Ложь твоей страсти,1957,110,1,КНДР,нет,60
278,Секрет цветной мелодии,1967,235,2,Словения,да,49
279,Эхо счастливой тишины,1950,183,5,Румыния,нет,25
280,Ангел чужой тишины,1963,160,4,Гамбия,нет,23
281,Секрет воображаемой доброты,1968,232,2,Эквадор,да,86
282,Стена алой мелодии,2009,224,4,Белиз,нет,83
283,Стена твоей мелодии,2009,190,4,Кувейт,да,57
284,Небо хрустальной дороги,1975,235,4,ЮАР,нет,39
285,Обрывок после дороги,1970,100,1,Камерун,да,3
286,Туман после тишины,2007,217,4,Малайзия,да,9
287,Страницы звездной мечты,2022,71,5,Гвинея,нет,82
288,Момент необычной страсти,1988,169,1,Нидерланды,да,81
289,Ангел волшебной мечты,1962,155,3,Греция,да,95
290,Туман волшебной тишины,2012,147,3,Чад,нет,28
291,Голос счастливой тишины,1974,165,4,Сербия,нет,87
292,Небо чужой мечты,2023,76,5,Монако,да,36
293,Эхо чужой легенды,1981,109,5,Шри-Ланка,нет,61
294,Ангел алой тишины,1995,189,5,Нигер,нет,34
295,Странник после дороги,2007,128,5,ОАЭ,нет,25
296,Равновесие счастливой страсти,1989,221,5,Танзания,да,57
297,Обрывок хрустальной мелодии,2010,111,2,Кирибати,да,13
298,Туман волшебной мечты,1988,169,2,Кабо-Верде,нет,5
299,Стена блестящей мелодии,1998,115,2,Мозамбик,нет,85
300,Обрыв блестящей тишины,1964,196,5,Джибути,да,12
301,Голос чужой дороги,1959,237,2,Лесото,нет,44
302,Момент покинутой легенды,1950,174,4,Болгария,да,51
303,Голос чужой реальности,2010,100,2,Мавритания,нет,17
304,Стена чужой мечты,1993,188,4,Бенин,да,15
305,Голос чужой мелодии,1962,161,4,Сальвадор,нет,43
306,Туман потерянной доброты,2000,67,2,Венгрия,нет,84
307,Момент алой дороги,2021,205,2,Узбекистан,да,62
308,Эхо потерянной страсти,1996,172,3,Перу,да,44
309,Ложь покинутой доброты,1975,153,3,Бенин,нет,44
310,Туман чужой реальности,1971,90,4,Мексика,нет,3
311,Момент после доброты,2012,116,2,Зимбабве,нет,87
312,Страницы воздушной дороги,2017,118,2,Парагвай,нет,55
313,Голос алой дороги,1991,231,1,Индонезия,нет,28
314,Голос блестящей мечты,2001,215,2,Зимбабве,да,90
315,Странник чужой страсти,1998,105,3,Йемен,да,100
316,Стена необычной мечты,2007,157,2,Южный Судан,да,3
317,Туман блестящей страсти,2022,100,2,Исландия,да,24
318,Секрет блестящей мечты,1980,219,2,Доминика,да,84
319,Равновесие хрустальной мелодии,1967,168,3,Киргизия,да,93
320,Секрет чужой реальности,1973,184,3,Нигер,нет,66
321,Секрет звездной страсти,1965,116,2,ОАЭ,нет,27
322,Туман волшебной мелодии,1979,175,2,Мадагаскар,нет,88
323,Страницы потерянной легенды,1977,108,1,Мальдивы,нет,23
324,Секрет алой тишины,1964,199,1,Норвегия,да,15
325,Страницы необычной мелодии,1997,164,1,Таджикистан,нет,3
326,Стена необычной страсти,1975,130,4,Ботсвана,да,23
327,Ложь волшебной тишины,1959,125,4,Сербия,нет,94
328,Момент твоей дороги,1988,69,5,Намибия,нет,43
329,Туман воздушной легенды,1954,61,5,Лихтенштейн,нет,4
330,Странник твоей страсти,1961,101,2,Эквадор,да,6
331,Страницы покинутой тишины,1968,206,2,Перу,нет,67
332,Стена воздушной тишины,1996,117,1,Ливан,да,11
333,Стена чужой дороги,1961,152,3,Барбадос,да,45
334,Дождь алой тишины,1950,211,3,Камерун,нет,9
335,Эхо потерянной дороги,2021,159,3,Восточный Тимор,нет,83
336,Ангел после страсти,1995,86,4,Сенегал,да,54
337,Туман алой дороги,1957,150,4,Боливия,нет,97
338,Небо блестящей доброты,1978,195,1,Литва,нет,13
339,Эхо воображаемой доброты,2000,92,3,Австралия,да,48
340,Обрывок хрустальной тишины,1957,131,1,Сомали,нет,25
341,Обрывок покинутой мечты,1973,234,2,Палау,нет,34
342,Секрет после тишины,1962,194,1,Лаос,нет,52
343,Стена потерянной реальности,1950,135,4,Кирибати,нет,14
344,Обрывок воображаемой мечты,1967,125,2,Исландия,да,53
345,Туман твоей мелодии,1987,233,4,Гамбия,да,96
346,Ложь хрустальной реальности,1972,158,5,Соломоновы Острова,нет,93
347,Дождь хрустальной мелодии,1979,95,1,Тунис,да,26
348,Обрывок волшебной легенды,2013,217,4,Бенин,да,100
349,Ложь алой страсти,2014,66,1,Словения,да,41
350,Стена блестящей дороги,1956,114,3,Киргизия,нет,98
351,Обрыв необычной дороги,1950,149,5,Швейцария,нет,2
352,Страницы чужой мелодии,1988,200,2,Зимбабве,да,36
353,Стена необычной мечты,2013,163,3,Джибути,нет,86
354,Ложь чужой дороги,2003,168,4,Гренада,нет,53
355,Странник чужой реальности,2020,116,1,Буркина-Фасо,да,92
356,Голос звездной мелодии,2020,128,3,Нидерланды,нет,91
357,Ложь чужой дороги,1974,211,5,Бразилия,нет,77
358,Дождь потерянной мечты,2018,179,4,Непал,нет,5
359,Странник после мечты,1969,233,5,Экваториальная Гвинея,нет,46
360,Небо алой мечты,2015,234,4,Сент-Китс и Невис,да,39
361,Момент хрустальной доброты,2017,71,2,Республика Конго,да,36
362,Обрыв блестящей легенды,2013,216,4,Республика Корея,да,53
363,Ложь твоей доброты,2013,206,4,Иран,нет,80
364,Секрет хрустальной легенды,1980,222,5,Чехия,да,10
365,Туман твоей реальности,1971,130,5,Норвегия,да,86
366,Стена воздушной доброты,1996,201,5,Малави,нет,61
367,Стена чужой дороги,1977,102,3,Сьерра-Леоне,нет,9
368,Странник воздушной мечты,1951,215,5,Бенин,да,31
369,Секрет звездной доброты,1950,179,4,Руанда,нет,88
370,Эхо твоей страсти,2017,165,4,ОАЭ,нет,29
371,Туман цветной страсти,2022,95,1,Того,нет,87
372,Голос звездной дороги,1955,214,1,Великобритания,нет,98
373,Дождь алой дороги,2005,94,4,Испания,да,79
374,Стена хрустальной мелодии,1976,158,5,Непал,нет,87
375,Голос алой мечты,2021,83,2,Израиль,нет,90
376,Небо алой мелодии,1991,90,2,Эсватини,да,47
377,Небо твоей легенды,2017,130,2,Сент-Люсия,нет,52
378,Странник хрустальной мелодии,1979,229,5,Бразилия,да,33
379,Ангел алой страсти,2013,170,1,Мексика,нет,61
380,Дождь счастливой доброты,1981,70,4,Федеративные Штаты Микронезии,нет,8
381,Секрет алой тишины,1979,183,2,Федеративные Штаты Микронезии,нет,48
382,Секрет воздушной дороги,1973,211,4,Афганистан,нет,96
383,Ангел необычной мечты,1951,205,4,Республика Конго,да,62
384,Момент твоей доброты,1954,98,4,Багамские Острова,да,84
385,Обрывок воображаемой доброты,1956,62,1,Монако,нет,51
386,Небо покинутой реальности,2021,126,5,Гайана,нет,8
387,Момент необычной мечты,1958,205,1,Лаос,нет,5
388,Секрет хрустальной мелодии,2001,201,5,Киргизия,да,87
389,Ложь после страсти,1967,96,1,Гондурас,нет,59
390,Эхо чужой доброты,2003,71,2,Республика Конго,да,82
391,Ангел счастливой дороги,1957,133,1,Сент-Китс и Невис,да,69
392,Стена блестящей дороги,2007,90,4,Франция,да,23
393,Стена воздушной реальности,1960,168,4,Афганистан,нет,21
394,Ложь звездной легенды,1991,125,5,Малави,нет,74
395,Дождь хрустальной доброты,1962,153,2,Коста-Рика,нет,81
396,Стена счастливой страсти,1978,66,4,Сирия,да,31
397,Ангел после тишины,2023,153,4,Бахрейн,нет,31
398,Небо счастливой тишины,2011,184,4,Словакия,да,91
399,Голос потерянной доброты,2017,157,3,Венесуэла,нет,71
400,Ложь волшебной мечты,1963,124,3,Китай,да,80
401,Странник воздушной мечты,1973,176,5,Мадагаскар,да,69
402,Страницы алой доброты,2018,201,2,Индия,да,27
403,Ангел чужой дороги,1995,143,1,Гватемала,да,88
404,Обрывок потерянной легенды,1989,188,2,Восточный Тимор,да,97
405,Обрыв алой страсти,2017,100,2,Бахрейн,да,69
406,Стена покинутой тишины,1961,135,5,Ботсвана,нет,83
407,Эхо воображаемой мелодии,1963,156,4,Бельгия,да,4
408,Обрывок звездной доброты,1951,159,3,Гана,да,67
409,Странник потерянной дороги,2002,214,1,Мьянма,да,17
410,Ложь после мелодии,2022,65,5,Лаос,да,58
411,Стена блестящей дороги,2011,146,4,Куба,да,55
412,Ложь воздушной реальности,1970,203,2,Чехия,да,82
413,Туман воображаемой тишины,1972,235,5,Сент-Китс и Невис,нет,21
414,Туман необычной легенды,1967,198,2,Коморы,да,6
415,Странник чужой страсти,1954,68,5,Узбекистан,да,69
416,Эхо твоей реальности,1986,117,2,Парагвай,да,38
417,Стена алой дороги,1952,127,2,Южный Судан,да,83
418,Момент воображаемой тишины,1991,92,3,Ямайка,да,54
419,Странник чужой легенды,1979,150,2,Южный Судан,нет,39
420,Обрывок блестящей дороги,2017,155,1,Словения,да,65
421,Небо после мелодии,1979,158,1,Чили,нет,20
422,Момент хрустальной легенды,1985,148,2,Перу,нет,45
423,Эхо потерянной доброты,1996,91,4,Финляндия,да,46
424,Страницы потерянной дороги,2022,62,3,Зимбабве,нет,48
425,Обрывок чужой легенды,2019,175,2,Андорра,да,61
426,Ложь блестящей легенды,2005,135,2,Сан-Томе и Принсипи,да,69
427,Обрыв блестящей дороги,1977,87,3,Таиланд,да,76
428,Стена после доброты,2004,195,2,Венгрия,да,7
429,Странник воздушной мечты,1963,163,3,Австрия,да,96
430,Обрывок звездной дороги,2010,100,3,Колумбия,да,69
431,Обрывок волшебной доброты,1988,162,3,Эсватини,да,86
432,Стена воображаемой мечты,1959,178,4,Таджикистан,да,89
433,Эхо чужой страсти,1996,65,5,Венесуэла,да,37
434,Туман цветной мечты,1953,81,2,Камбоджа,нет,22
435,Странник хрустальной тишины,1970,181,4,Тринидад и Тобаго,да,45
436,Дождь алой страсти,1961,198,5,Маврикий,нет,53
437,Момент алой дороги,2010,220,3,Сан-Марино,нет,18
438,Ангел чужой мелодии,1960,220,2,Чехия,нет,4
439,Ангел необычной легенды,1978,101,4,Камерун,нет,17
440,Обрывок после легенды,1997,107,5,США,да,92
441,Стена потерянной мечты,1993,229,2,Бахрейн,нет,97
442,Небо покинутой дороги,2005,159,4,Эритрея,да,55
443,Ложь хрустальной мелодии,2010,84,5,США,нет,90
444,Небо воздушной реальности,1994,209,5,Эфиопия,нет,66
445,Эхо покинутой тишины,1970,190,4,Словения,нет,62
446,Обрывок потерянной страсти,1967,104,3,Словения,да,6
447,Обрывок звездной тишины,2017,119,1,Гватемала,да,80
448,Обрыв цветной дороги,1995,73,2,Марокко,нет,10
449,Ложь чужой легенды,1982,152,4,Сент-Китс и Невис,да,77
450,Ложь твоей мелодии,2015,176,4,Гренада,да,29
451,Голос твоей мелодии,2009,80,3,Шри-Ланка,да,66
452,Страницы звездной дороги,1967,169,4,США,нет,90
453,Обрыв блестящей мелодии,1963,177,2,Словения,да,93
454,Странник после легенды,2014,238,2,Великобритания,да,88
455,Дождь воображаемой легенды,2010,79,1,Эритрея,да,74
456,Небо счастливой доброты,2004,228,3,Бангладеш,да,74
457,Ложь воздушной мелодии,1996,140,3,Того,нет,64
458,Обрыв твоей доброты,1993,195,4,Уганда,нет,48
459,Стена цветной страсти,2001,63,3,Франция,нет,64
460,Странник счастливой тишины,1990,207,4,Саудовская Аравия,нет,64
461,Дождь воздушной мечты,2011,74,5,Албания,нет,44
462,Момент чужой мелодии,1955,114,4,Испания,нет,85
463,Момент волшебной мечты,1962,110,2,Марокко,да,61
464,Ангел покинутой страсти,1991,180,1,Габон,нет,54
465,Голос цветной легенды,1992,134,4,Люксембург,да,25
466,Странник хрустальной мелодии,2004,169,4,Соломоновы Острова,нет,29
467,Странник блестящей доброты,1955,143,4,Северная Македония,да,68
468,Ложь алой дороги,1987,127,1,Бельгия,нет,15
469,Обрыв блестящей дороги,2010,234,3,Зимбабве,да,89
470,Момент чужой дороги,1989,107,4,Самоа,да,60
471,Эхо звездной страсти,2022,240,3,Ирак,нет,66
472,Ангел звездной дороги,1997,162,5,Черногория,да,34
473,Стена алой реальности,2010,176,1,Египет,нет,30
474,Секрет покинутой доброты,1959,107,1,США,да,17
475,Обрывок потерянной дороги,2006,233,1,Чили,да,41
476,Ангел необычной реальности,2017,64,3,Кипр,нет,90
477,Туман твоей легенды,2010,181,5,Габон,нет,79
478,Туман звездной дороги,2002,67,3,Тринидад и Тобаго,да,90
479,Обрыв покинутой легенды,1987,206,3,Азербайджан,да,49
480,Секрет покинутой страсти,2004,94,3,Швеция,нет,86
481,Равновесие чужой легенды,1962,179,2,Франция,нет,11
482,Обрывок блестящей мечты,1971,186,3,Папуа,нет,53
483,Дождь алой реальности,2017,79,3,Зимбабве,нет,40
484,Небо алой легенды,1972,146,4,Ливия,да,48
485,Туман волшебной легенды,1986,91,1,Алжир,нет,51
486,Эхо алой реальности,1980,228,3,Черногория,да,30
487,Ангел алой легенды,2001,202,5,Австралия,да,52
488,Обрывок счастливой доброты,1969,187,2,Таиланд,да,32
489,Небо блестящей мелодии,2011,141,1,Норвегия,нет,35
490,Голос воздушной мелодии,1985,82,1,Никарагуа,нет,91
491,Ангел потерянной доброты,1983,86,2,Египет,да,29
492,Секрет воображаемой легенды,2007,141,1,Науру,нет,66
493,Ангел после страсти,2012,81,5,Исландия,да,73
494,Обрывок воздушной страсти,1993,189,1,Палау,да,35
495,Небо алой дороги,1966,170,5,Австралия,нет,41
496,Секрет счастливой мечты,2019,87,3,Малайзия,нет,54
497,Эхо звездной реальности,2023,238,4,Мозамбик,нет,21
498,Обрыв после реальности,2017,66,3,Багамские Острова,нет,57
499,Странник хрустальной тишины,2023,178,1,Руанда,да,14
500,Равновесие воображаемой мечты,2017,154,5,Доминика,да,81
501,Ложь после доброты,2020,188,3,Танзания,нет,86
502,Обрывок алой мечты,2007,228,4,Румыния,нет,79
503,Секрет чужой доброты,1959,103,2,Чехия,нет,54
504,Секрет счастливой легенды,1995,102,2,Узбекистан,да,67
505,Небо потерянной реальности,1966,156,3,Гамбия,да,82
506,Небо необычной дороги,1962,161,5,Белиз,нет,82
507,Равновесие звездной мечты,1998,209,1,Грузия,нет,35
508,Равновесие звездной тишины,1999,231,1,Албания,нет,51
509,Обрыв воображаемой мелодии,1960,100,4,Камбоджа,да,65
510,Ангел хрустальной тишины,2008,96,1,Малави,нет,15
511,Момент твоей реальности,1969,65,2,Кения,да,35
512,Голос звездной мелодии,1981,226,1,Грузия,да,15
513,Небо воображаемой доброты,1993,169,2,Панама,нет,38
514,Момент твоей мелодии,1950,177,4,Камерун,да,31
515,Небо алой дороги,1978,82,4,Гватемала,нет,38
516,Страницы воображаемой страсти,1981,143,2,Сомали,да,8
517,Голос после мелодии,2003,155,5,Ирландия,нет,47
518,Ангел чужой легенды,2002,234,2,Исландия,нет,43
519,Туман воображаемой реальности,2022,207,4,Белиз,нет,35
520,Обрывок счастливой дороги,2019,211,3,Саудовская Аравия,нет,66
521,Равновесие счастливой легенды,2001,97,1,КНДР,нет,45
522,Равновесие воображаемой страсти,1981,155,3,Зимбабве,да,71
523,Небо волшебной мечты,2012,187,1,Лихтенштейн,да,99
524,Стена твоей дороги,1995,240,1,Гватемала,да,80
525,Голос алой мечты,1977,79,3,Венгрия,нет,30
526,Дождь хрустальной реальности,1998,147,4,Палау,да,43
527,Странник воздушной мечты,1951,224,5,Чехия,нет,81
528,Обрыв потерянной легенды,1995,76,4,Гренада,нет,6
529,Небо потерянной реальности,2010,220,4,Шри-Ланка,да,38
530,Ложь необычной дороги,1983,199,1,Эквадор,да,45
531,Секрет потерянной страсти,2022,87,2,Дания,нет,79
532,Равновесие волшебной тишины,1954,153,5,Тринидад и Тобаго,нет,33
533,Момент блестящей мечты,1952,198,3,Гватемала,нет,25
534,Голос твоей доброты,2000,182,5,Мьянма,нет,37
535,Эхо необычной мелодии,1998,181,4,Фиджи,нет,35
536,Стена необычной страсти,1953,88,1,Гайана,да,20
537,Голос чужой мелодии,2000,121,2,Бельгия,нет,60
538,Секрет алой страсти,1966,142,4,Андорра,да,34
539,Дождь хрустальной реальности,2022,99,5,Гондурас,нет,28
540,Обрыв твоей мелодии,2000,144,3,Египет,нет,82
541,Ложь твоей мечты,1997,183,2,Гана,нет,77
542,Ангел алой дороги,1981,177,5,Гвинея-Бисау,да,23
543,Туман хрустальной доброты,2015,99,2,Папуа,нет,93
544,Обрывок чужой тишины,1955,170,1,Гана,нет,90
545,Обрыв алой мелодии,2010,211,1,Кирибати,нет,57
546,Обрыв воображаемой тишины,2007,119,5,Финляндия,нет,22
547,Секрет волшебной легенды,1966,142,2,Белоруссия,да,11
548,Голос алой тишины,1956,147,3,Венгрия,нет,81
549,Секрет после реальности,1976,169,1,Бенин,нет,8
550,Равновесие чужой доброты,1974,72,2,Сальвадор,нет,60
551,Ангел воображаемой мечты,1986,116,1,Багамские Острова,да,38
552,Туман звездной реальности,1963,160,4,Лесото,да,10
553,Момент счастливой мелодии,1958,129,3,Канада,нет,89
554,Обрывок звездной реальности,1993,192,2,Эстония,нет,99
555,Голос потерянной мелодии,1979,91,1,Люксембург,нет,55
556,Дождь твоей легенды,2012,198,1,Эсватини,нет,14
557,Обрыв цветной мелодии,2002,207,1,Судан,нет,12
558,Эхо после легенды,2022,211,5,Суринам,да,76
559,Секрет алой доброты,1971,211,3,Сирия,нет,100
560,Странник чужой мелодии,1980,90,3,Швейцария,да,51
561,Стена хрустальной мелодии,2013,126,2,Сент-Китс и Невис,нет,85
562,Небо покинутой легенды,1978,158,4,Коста-Рика,да,54
563,Обрывок алой реальности,1955,165,4,Румыния,да,17
564,Равновесие цветной легенды,1979,73,4,Танзания,нет,57
565,Эхо чужой реальности,1951,196,4,Великобритания,да,36
566,Момент потерянной страсти,1970,204,4,Япония,да,27
567,Эхо потерянной мелодии,2005,161,2,Исландия,да,68
568,Стена твоей доброты,1967,217,3,Чад,нет,23
569,Ангел покинутой мечты,2023,151,2,Парагвай,нет,33
570,Обрывок чужой тишины,1993,111,4,Габон,да,76
571,Момент алой страсти,1978,158,1,Буркина-Фасо,да,39
572,Эхо необычной мелодии,1995,182,4,Мадагаскар,да,91
573,Эхо необычной мечты,1977,204,3,Гвинея-Бисау,да,61
574,Небо алой реальности,1996,187,5,Мальта,нет,25
575,Секрет звездной реальности,2000,198,2,Узбекистан,нет,100
576,Равновесие блестящей мелодии,1985,232,1,Ботсвана,нет,78
577,Небо покинутой мечты,1964,138,1,Северная Македония,да,67
578,Туман блестящей мелодии,1990,132,5,Мьянма,да,66
579,Обрывок цветной дороги,2003,219,1,Сирия,да,43
580,Странник воздушной тишины,2000,132,2,Ливия,нет,89
581,Обрыв алой легенды,1955,113,4,Саудовская Аравия,нет,6
582,Странник звездной дороги,1962,96,2,Малави,да,46
583,Равновесие необычной тишины,2021,234,2,Мали,да,31
584,Странник алой мечты,1950,221,2,Тонга,нет,94
585,Голос твоей мечты,2011,103,1,Венесуэла,да,95
586,Эхо счастливой страсти,1981,102,3,Мальта,нет,36
587,Обрыв счастливой легенды,1991,193,3,Армения,нет,60
588,Эхо алой страсти,1986,101,2,Нигерия,да,78
589,Ангел волшебной легенды,1983,191,3,Венгрия,нет,34
590,Ложь блестящей доброты,2015,114,5,Белиз,да,76
591,Ложь воздушной тишины,2009,62,1,Словакия,да,35
592,Равновесие после тишины,2021,72,1,Кувейт,да,80
593,Дождь после доброты,1995,164,3,Ирак,нет,67
594,Секрет воздушной мелодии,1994,113,4,Румыния,нет,57
595,Ангел алой дороги,1980,138,4,Нидерланды,да,62
596,Обрыв цветной мелодии,2018,216,1,Монголия,нет,28
597,Секрет цветной дороги,1997,223,3,Канада,да,72
598,Обрыв хрустальной страсти,2009,77,1,Южный Судан,да,48
599,Обрывок чужой мечты,2005,139,1,Коста-Рика,нет,12
600,Небо твоей мечты,2004,76,4,Алжир,да,76
601,Страницы хрустальной реальности,1980,167,4,Парагвай,нет,38
602,Стена твоей легенды,2012,85,1,Танзания,нет,64
603,Момент необычной легенды,2011,188,1,Грузия,да,37
604,Стена хрустальной мелодии,1997,104,1,Танзания,нет,43
605,Ложь покинутой доброты,1986,201,1,Филиппины,да,9
606,Секрет звездной страсти,1991,108,4,Лихтенштейн,да,25
607,Обрывок алой легенды,1998,234,1,Мозамбик,нет,40
608,Секрет воздушной тишины,2008,165,5,Сьерра-Леоне,нет,33
609,Ложь блестящей мечты,1950,165,5,Индонезия,нет,22
610,Странник необычной тишины,1989,108,4,Греция,да,68
611,Дождь алой доброты,1991,128,1,Соломоновы Острова,да,28
612,Странник необычной тишины,2022,197,5,Восточный Тимор,нет,1
613,Стена покинутой доброты,1960,160,1,Эритрея,нет,95
614,Ангел счастливой дороги,1966,221,4,Вьетнам,нет,6
615,Момент после мечты,1990,142,4,Казахстан,да,39
616,Голос твоей тишины,1997,218,4,Ливан,нет,55
617,Ангел твоей тишины,2015,229,5,Малайзия,да,56
618,Секрет необычной реальности,2021,118,4,Армения,нет,89
619,Обрыв алой легенды,1979,111,1,Нигерия,да,39
620,Дождь потерянной дороги,1989,135,3,Сомали,нет,65
621,Ложь потерянной доброты,1965,227,5,Боливия,да,76
622,Странник воображаемой страсти,2012,176,1,Руанда,да,73
623,Обрыв необычной легенды,1973,225,3,Таиланд,нет,32
624,Обрыв твоей дороги,2014,110,4,Болгария,нет,2
625,Страницы покинутой реальности,1990,111,5,Тринидад и Тобаго,да,45
626,Страницы потерянной тишины,1950,161,2,Малави,да,30
627,Туман звездной доброты,1995,160,2,Непал,да,84
628,Секрет потерянной страсти,1991,174,3,Словакия,да,10
629,Стена воздушной легенды,1961,93,2,Демократическая Республика Конго,нет,63
630,Момент покинутой страсти,2021,72,5,Швеция,нет,32
631,Дождь воображаемой страсти,1983,106,4,Суринам,нет,87
632,Небо покинутой легенды,2008,208,5,Республика Корея,да,87
633,Секрет необычной легенды,1995,146,5,Таджикистан,да,82
634,Туман алой дороги,2012,132,3,Гвинея-Бисау,да,97
635,Голос блестящей мелодии,1987,74,1,Эритрея,да,18
636,Голос после мелодии,1969,85,4,Республика Корея,да,76
637,Ложь твоей легенды,1992,77,2,Швеция,да,78
638,Стена воздушной дороги,1971,81,1,Уругвай,нет,49
639,Обрыв твоей тишины,1959,161,3,Буркина-Фасо,да,23
640,Ангел цветной реальности,1969,87,1,Сирия,да,78
641,Дождь счастливой страсти,1971,148,4,Коморы,нет,18
642,Страницы твоей легенды,1974,80,1,Эфиопия,да,76
643,Ложь чужой мечты,1957,100,5,Вануату,нет,2
644,Дождь покинутой мечты,1985,101,4,Сальвадор,да,98
645,Момент чужой страсти,1976,211,4,Албания,нет,6
646,Обрывок блестящей легенды,1974,178,5,Сербия,нет,48
647,Секрет после мечты,1951,62,2,КНДР,нет,31
648,Стена чужой дороги,1976,158,4,Эсватини,нет,30
649,Эхо чужой доброты,2014,60,2,Гвинея-Бисау,нет,45
650,Обрыв чужой страсти,1976,186,4,Сент-Винсент и Гренадины,нет,88
651,Стена чужой дороги,2005,80,1,Казахстан,да,32
652,Ангел воздушной доброты,1987,174,4,Гаити,да,35
653,Обрыв покинутой дороги,1993,63,4,Аргентина,да,36
654,Туман чужой дороги,2006,143,3,Палау,нет,96
655,Секрет потерянной дороги,1952,225,2,Катар,нет,66
656,Момент потерянной реальности,1956,234,4,Эфиопия,да,73
657,Стена волшебной дороги,1964,166,1,Сейшельские Острова,да,81
658,Обрывок цветной дороги,2017,100,1,Боливия,да,10
659,Момент алой тишины,1972,185,2,Гамбия,да,32
660,Обрывок потерянной мелодии,1967,117,2,Мадагаскар,нет,87
661,Дождь воображаемой дороги,1981,225,3,Джибути,да,95
662,Обрывок воображаемой тишины,1952,87,2,Бутан,да,11
663,Голос хрустальной страсти,1956,220,3,Боливия,да,93
664,Обрывок необычной мечты,1951,159,1,Гренада,нет,29
665,Ложь чужой реальности,2001,123,3,Багамские Острова,да,88
666,Стена чужой дороги,1999,135,5,Белиз,нет,27
667,Дождь цветной мечты,2016,214,1,Афганистан,да,35
668,Момент звездной реальности,1952,171,1,Сингапур,да,70
669,Дождь воздушной дороги,2003,126,2,Малайзия,да,63
670,Страницы воздушной доброты,1997,106,3,Доминика,нет,66
671,Странник воображаемой легенды,2009,198,1,Мексика,нет,97
672,Секрет чужой тишины,2006,136,3,Сомали,нет,30
673,Стена воображаемой легенды,1955,168,4,Швейцария,нет,44
674,Туман твоей доброты,2022,125,4,Лихтенштейн,да,74
675,Небо счастливой мечты,1975,153,1,Вьетнам,нет,46
676,Равновесие цветной дороги,1957,151,1,Бразилия,да,73
677,Ложь воображаемой реальности,1955,179,3,Гана,да,66
678,Ложь хрустальной тишины,2001,218,3,Уругвай,да,60
679,Обрыв хрустальной страсти,1993,62,2,Чад,да,89
680,Эхо звездной мелодии,1987,162,4,Мали,да,95
681,Эхо алой доброты,1980,207,3,Мадагаскар,да,2
682,Момент цветной дороги,1962,89,4,Кирибати,да,27
683,Обрыв покинутой легенды,1989,129,4,Россия,да,64
684,Дождь необычной реальности,1991,205,1,Финляндия,да,12
685,Голос покинутой доброты,2006,203,5,Соломоновы Острова,нет,76
686,Странник блестящей легенды,1966,230,3,Швейцария,да,94
687,Туман воображаемой мелодии,2021,71,3,Чехия,да,36
688,Голос необычной мелодии,1999,135,3,Гана,нет,30
689,Равновесие необычной реальности,1991,174,3,Замбия,да,76
690,Обрыв счастливой легенды,1951,147,4,Таджикистан,да,2
691,Эхо чужой мелодии,2003,240,4,Маршалловы Острова,да,16
692,Небо твоей легенды,1982,76,4,Исландия,нет,66
693,Обрывок необычной мелодии,1999,230,2,Индия,да,43
694,Секрет цветной мечты,2015,222,4,Тонга,да,80
695,Туман счастливой мечты,1952,148,3,Катар,да,63
696,Ложь алой реальности,1978,150,5,Таиланд,да,55
697,Странник волшебной тишины,1990,100,4,Пакистан,нет,93
698,Странник чужой легенды,1957,83,3,Сент-Винсент и Гренадины,нет,50
699,Небо блестящей мелодии,1994,206,1,Венгрия,нет,58
700,Дождь потерянной доброты,1992,105,2,Папуа,да,18
701,Странник цветной мечты,2000,134,2,Россия,да,34
702,Странник счастливой мечты,1953,71,1,Уругвай,нет,57
703,Эхо воздушной доброты,1972,182,3,Индия,да,75
704,Туман чужой мечты,1989,169,1,Доминиканская Республика,нет,46
705,Обрывок воображаемой доброты,2017,166,2,Ямайка,нет,82
706,Страницы цветной дороги,1951,76,2,Турция,нет,67
707,Обрывок цветной дороги,1952,77,5,Панама,нет,91
708,Дождь покинутой реальности,1985,151,3,Оман,нет,26
709,Голос воздушной мелодии,2012,238,2,Турция,нет,72
710,Голос хрустальной реальности,1955,101,3,Гвинея-Бисау,нет,48
711,Странник после мечты,1991,146,2,Словакия,да,65
712,Страницы волшебной страсти,1997,226,5,Уганда,нет,75
713,Равновесие воображаемой реальности,1963,124,4,Молдавия,да,8
714,Ложь после мелодии,2020,225,5,Белиз,нет,11
715,Небо после страсти,1969,87,4,Нидерланды,да,95
716,Ангел необычной дороги,1998,170,1,Лесото,нет,70
717,Страницы твоей страсти,1991,107,5,Республика Корея,нет,67
718,Страницы хрустальной страсти,2009,74,3,Азербайджан,да,48
719,Небо твоей мелодии,1978,89,2,Новая Зеландия,да,60
720,Эхо покинутой доброты,2021,130,1,Республика Корея,нет,79
721,Секрет потерянной доброты,1981,127,1,Замбия,нет,36
722,Небо хрустальной мечты,1954,164,1,Мозамбик,да,87
723,Страницы покинутой доброты,1960,83,5,Зимбабве,нет,33
724,Дождь после тишины,1958,113,4,Бруней,да,76
725,Туман необычной реальности,2013,91,5,Армения,нет,5
726,Туман хрустальной доброты,2019,181,4,Барбадос,да,12
727,Ложь алой мелодии,1985,205,2,Кирибати,да,78
728,Равновесие хрустальной мелодии,2020,128,2,Алжир,нет,7
729,Голос алой страсти,2017,140,5,Таиланд,да,76
730,Дождь после мелодии,1991,217,5,Буркина-Фасо,нет,44
731,Голос твоей реальности,1988,88,3,Тонга,нет,49
732,Обрыв хрустальной реальности,2010,196,5,Руанда,нет,51
733,Обрыв алой легенды,1975,84,2,Вануату,нет,59
734,Страницы чужой дороги,2006,217,1,Сан-Томе и Принсипи,да,20
735,Дождь алой мечты,2012,198,3,Оман,нет,49
736,Обрыв чужой реальности,1975,181,2,Джибути,нет,87
737,Дождь воображаемой дороги,2012,210,1,Науру,да,62
738,Обрыв волшебной доброты,1983,198,5,Эстония,нет,47
739,Туман цветной дороги,1968,149,4,Мозамбик,да,66
740,Голос блестящей мелодии,1960,226,5,Тринидад и Тобаго,нет,92
741,Ложь алой страсти,2022,91,1,Бурунди,да,62
742,Ангел звездной реальности,2001,106,3,Таиланд,нет,27
743,Ангел чужой реальности,1961,69,4,Монако,нет,14
744,Стена твоей страсти,1974,101,1,Пакистан,нет,52
745,Равновесие воображаемой легенды,1994,190,5,Судан,да,12
746,Голос алой дороги,2007,86,4,Фиджи,да,9
747,Небо хрустальной страсти,1972,85,4,Федеративные Штаты Микронезии,да,90
748,Небо чужой реальности,1985,121,5,Индия,да,30
749,Голос цветной легенды,1982,123,4,Кения,нет,31
750,Туман покинутой дороги,2023,140,1,Чехия,да,56
751,Странник чужой тишины,1975,77,1,Лесото,нет,44
752,Секрет воображаемой мечты,1964,158,2,Гайана,нет,82
753,Ангел чужой легенды,1962,176,4,Соломоновы Острова,нет,1
754,Обрыв воображаемой доброты,2013,223,1,Экваториальная Гвинея,да,49
755,Ангел звездной страсти,1999,136,4,Хорватия,нет,41
756,Дождь потерянной страсти,1987,71,5,Либерия,нет,54
757,Момент блестящей легенды,1955,195,5,Венгрия,нет,58
758,Ложь чужой тишины,2003,203,3,Эфиопия,нет,30
759,Небо воздушной мелодии,1999,126,4,Йемен,да,29
760,Секрет твоей мечты,2023,196,5,Габон,нет,73
761,Момент алой доброты,1988,92,4,Сингапур,нет,81
762,Ангел хрустальной страсти,2014,98,2,Панама,нет,54
763,Ангел чужой реальности,1951,84,2,Либерия,нет,83
764,Эхо волшебной страсти,2016,168,3,Болгария,да,44
765,Ангел потерянной тишины,1965,84,3,Мьянма,да,27
766,Секрет цветной легенды,1960,215,2,Сенегал,да,81
767,Голос счастливой доброты,2010,163,1,Буркина-Фасо,нет,39
768,Страницы покинутой мечты,1955,124,3,Коморы,да,61
769,Стена цветной доброты,2011,218,4,Намибия,нет,17
770,Эхо волшебной мечты,1961,161,2,Бангладеш,нет,10
771,Секрет счастливой мелодии,1954,235,4,Лаос,да,82
772,Эхо после дороги,1961,165,3,Марокко,да,34
773,Равновесие блестящей тишины,1972,96,2,Индонезия,нет,36
774,Ангел воздушной дороги,1986,237,1,Нидерланды,нет,74
775,Ангел потерянной легенды,1999,226,3,Кипр,да,16
776,Голос после доброты,2008,112,3,Антигуа и Барбуда,да,17
777,Обрыв воздушной доброты,1998,150,4,Австралия,да,9
778,Ангел волшебной доброты,1975,175,3,Доминиканская Республика,да,100
779,Стена алой тишины,1968,111,4,Катар,да,67
780,Странник чужой дороги,1969,192,2,Соломоновы Острова,да,50
781,Секрет счастливой дороги,1987,165,5,Турция,да,80
782,Странник алой мечты,1993,211,4,Фиджи,да,86
783,Момент алой мечты,1960,227,4,Тунис,да,66
784,Дождь блестящей доброты,1967,126,3,Мьянма,нет,87
785,Момент алой страсти,1997,81,1,Сент-Китс и Невис,да,91
786,Эхо цветной дороги,1958,146,1,Аргентина,да,56
787,Дождь счастливой тишины,1977,108,4,Фиджи,нет,69
788,Стена после страсти,1991,235,5,Вануату,нет,7
789,Эхо чужой легенды,1961,182,1,Монголия,нет,9
790,Стена необычной доброты,2012,209,3,Федеративные Штаты Микронезии,да,3
791,Обрывок алой дороги,2020,150,4,Экваториальная Гвинея,нет,61
792,Обрывок потерянной страсти,2015,178,5,Бангладеш,нет,59
793,Обрыв волшебной мечты,2014,61,3,Марокко,нет,70
794,Ложь цветной доброты,1993,193,5,Нидерланды,нет,13
795,Момент после реальности,1978,98,3,Кабо-Верде,нет,60
796,Стена необычной мелодии,1973,168,3,Таиланд,да,5
797,Голос волшебной реальности,1950,163,5,Россия,да,44
798,Обрыв хрустальной мелодии,1961,228,3,Гренада,нет,96
799,Ангел воздушной страсти,1975,106,3,Панама,нет,99
800,Стена счастливой мечты,1989,117,4,Ирландия,нет,81
801,Странник счастливой мелодии,1973,84,1,Парагвай,да,85
802,Странник алой страсти,1954,159,1,Андорра,нет,12
803,Туман цветной дороги,2009,129,3,Эритрея,нет,92
804,Страницы воздушной дороги,1963,231,1,Афганистан,да,12
805,Страницы воздушной страсти,1993,74,1,Республика Конго,нет,8
806,Обрыв звездной мелодии,1981,101,3,Мали,да,5
807,Ангел воображаемой страсти,1968,77,3,Сент-Винсент и Гренадины,нет,69
808,Страницы алой тишины,1963,168,4,Монголия,да,39
809,Ангел алой мечты,1957,130,4,Фиджи,да,4
810,Туман волшебной тишины,2021,79,1,Камбоджа,нет,97
811,Секрет необычной легенды,2013,190,3,Нидерланды,нет,58
812,Страницы потерянной мечты,2022,145,4,Эсватини,да,32
813,Эхо хрустальной мелодии,1988,170,1,Пакистан,нет,47
814,Ложь чужой дороги,2011,161,5,Бельгия,нет,37
815,Ложь хрустальной мелодии,1976,125,4,Чехия,нет,67
816,Странник твоей страсти,1955,231,4,Непал,нет,90
817,Момент покинутой легенды,2017,132,2,Франция,нет,80
818,Туман воздушной тишины,1966,184,1,Португалия,да,52
819,Секрет чужой легенды,1997,89,4,Экваториальная Гвинея,нет,78
820,Равновесие потерянной мелодии,1980,208,5,Папуа,нет,22
821,Ангел воздушной легенды,1992,131,4,Гамбия,да,17
822,Стена алой дороги,2021,218,3,Босния и Герцеговина,да,76
823,Ложь блестящей тишины,2006,65,2,Филиппины,да,87
824,Небо алой дороги,1999,128,1,Республика Корея,нет,27
825,Небо звездной реальности,2021,92,4,Китай,да,25
826,Обрыв чужой реальности,2000,186,3,Польша,нет,27
827,Небо чужой страсти,1998,231,3,Буркина-Фасо,да,4
828,Голос покинутой страсти,1960,240,2,Доминиканская Республика,нет,97
829,Эхо твоей доброты,1976,167,2,Индонезия,нет,68
830,Туман чужой реальности,1997,219,4,Пакистан,да,11
831,Ангел блестящей доброты,1983,212,2,Чили,нет,19
832,Страницы потерянной мечты,2003,193,1,Ливан,нет,15
833,Обрывок звездной легенды,1955,86,1,Центральноафриканская Республика,да,36
834,Туман воображаемой мелодии,1951,79,5,Мальта,да,39
835,Ангел воображаемой легенды,1974,181,3,Алжир,нет,30
836,Эхо после легенды,1969,114,4,Ливия,да,34
837,Обрывок чужой доброты,1976,194,5,Словения,да,2
838,Ложь блестящей реальности,1990,202,4,Швейцария,да,79
839,Стена волшебной мелодии,1950,64,1,Болгария,нет,29
840,Секрет покинутой мелодии,1993,169,1,Латвия,нет,14
841,Голос счастливой страсти,1963,108,1,Чили,нет,9
842,Небо после тишины,1956,190,3,Камерун,нет,60
843,Секрет необычной реальности,1980,117,4,Лихтенштейн,да,30
844,Голос чужой тишины,1990,144,1,Монако,нет,41
845,Небо покинутой легенды,1962,108,3,Эсватини,нет,58
846,Туман счастливой доброты,2021,218,4,Румыния,нет,96
847,Обрывок счастливой реальности,1970,91,5,Либерия,нет,99
848,Ангел чужой реальности,2016,117,4,Камбоджа,нет,6
849,Стена счастливой легенды,1988,164,3,Греция,да,78
850,Равновесие блестящей мечты,1972,147,3,Россия,нет,81
851,Небо хрустальной мелодии,1993,216,3,Польша,да,84
852,Туман чужой страсти,1991,116,1,Алжир,нет,53
853,Ангел твоей мечты,1968,209,5,Пакистан,да,77
854,Голос звездной дороги,2004,222,4,Танзания,да,89
855,Момент после дороги,2019,222,4,Бурунди,нет,94
856,Момент блестящей легенды,2023,88,1,Катар,нет,23
857,Странник необычной реальности,1974,236,2,Колумбия,нет,3
858,Небо алой страсти,2006,214,2,Литва,да,65
859,Обрыв чужой мечты,2020,70,4,Федеративные Штаты Микронезии,да,30
860,Обрывок цветной страсти,2007,81,3,Нигерия,нет,99
861,Туман счастливой доброты,1968,214,3,Япония,нет,7
862,Обрыв счастливой доброты,2002,104,5,Гайана,нет,75
863,Секрет чужой доброты,1973,229,1,Колумбия,нет,42
864,Ложь чужой легенды,2012,139,4,Демократическая Республика Конго,да,94
865,Ложь воздушной реальности,1988,114,5,Восточный Тимор,нет,13
866,Эхо волшебной легенды,1961,156,2,Болгария,да,74
867,Равновесие чужой легенды,1973,133,5,Бразилия,да,91
868,Небо алой мелодии,2018,126,1,Руанда,да,7
869,Странник покинутой мелодии,1989,111,2,Андорра,да,17
870,Стена чужой легенды,1997,78,2,Пакистан,да,99
871,Стена блестящей доброты,1978,216,2,Украина,да,26
872,Ложь чужой мечты,1988,161,2,Бразилия,нет,19
873,Равновесие волшебной мечты,2015,79,4,Индия,нет,54
874,Эхо блестящей легенды,1982,171,5,Антигуа и Барбуда,да,82
875,Ангел твоей дороги,1969,99,5,Мьянма,да,11
876,Странник хрустальной доброты,1982,143,2,Тринидад и Тобаго,нет,86
877,Эхо алой тишины,1991,190,2,Тринидад и Тобаго,да,68
878,Секрет потерянной мелодии,2007,175,5,Джибути,нет,16
879,Секрет алой мечты,2021,213,2,Ангола,нет,70
880,Туман волшебной дороги,1979,193,2,Индия,нет,60
881,Странник блестящей реальности,1973,76,2,Ботсвана,да,28
882,Стена твоей доброты,1966,200,2,Коста-Рика,да,94
883,Голос чужой реальности,1968,127,5,Венесуэла,нет,60
884,Равновесие твоей мечты,1968,108,3,Монголия,да,48
885,Обрывок алой легенды,1966,102,4,Швеция,нет,24
886,Секрет твоей тишины,1995,109,3,Кабо-Верде,нет,17
887,Эхо воображаемой реальности,1996,104,4,Коморы,нет,54
888,Момент волшебной дороги,1992,178,1,Эстония,нет,32
889,Момент волшебной мелодии,1962,93,1,Япония,да,30
890,Равновесие алой легенды,1963,158,5,Вануату,да,74
891,Туман твоей реальности,1961,213,1,Австралия,нет,63
892,Ложь воображаемой страсти,1990,176,2,Соломоновы Острова,нет,35
893,Дождь после реальности,2000,206,5,Малайзия,нет,8
894,Странник счастливой доброты,1999,128,1,Болгария,нет,66
895,Дождь потерянной тишины,1950,192,3,Норвегия,да,67
896,Страницы блестящей доброты,1987,211,2,Парагвай,нет,4
897,Дождь алой реальности,1985,197,3,США,да,8
898,Стена алой реальности,2022,179,3,Армения,да,84
899,Голос твоей тишины,1970,205,5,Либерия,нет,70
900,Момент цветной страсти,1952,74,5,Италия,нет,69
901,Момент воздушной реальности,1977,171,5,Ботсвана,нет,43
902,Туман воображаемой легенды,2003,171,5,Черногория,нет,63
903,Обрыв блестящей легенды,1952,86,5,Гайана,нет,16
904,Туман алой страсти,1997,160,5,Бруней,да,99
905,Обрыв блестящей дороги,1980,119,2,Босния и Герцеговина,да,9
906,Момент алой тишины,1992,227,4,Кабо-Верде,нет,27
907,Секрет покинутой реальности,2010,191,3,Иран,да,65
908,Голос потерянной тишины,1996,142,3,Латвия,нет,22
909,Обрыв хрустальной дороги,1967,158,2,Сент-Винсент и Гренадины,да,43
910,Голос алой легенды,1987,217,5,Боливия,нет,72
911,Равновесие воображаемой тишины,1959,185,2,Россия,да,15
912,Голос покинутой тишины,2023,206,1,США,да,60
913,Обрывок твоей реальности,1962,136,1,Мальдивы,да,20
914,Небо блестящей тишины,1986,189,4,Норвегия,да,79
915,Обрыв волшебной легенды,1991,87,4,Тринидад и Тобаго,нет,15
916,Ложь цветной тишины,2003,141,3,Кот-д’Ивуар,нет,8
917,Ложь блестящей доброты,1961,210,4,Мозамбик,нет,18
918,Страницы чужой мелодии,2017,62,1,Мальта,да,15
919,Ангел звездной реальности,1989,88,5,Бангладеш,да,31
920,Обрывок хрустальной страсти,1996,78,5,Нидерланды,да,43
921,Странник счастливой мечты,2020,212,2,Центральноафриканская Республика,да,15
922,Странник цветной реальности,2012,65,5,Новая Зеландия,да,85
923,Обрывок алой дороги,1983,221,1,Суринам,нет,80
924,Небо счастливой доброты,1985,177,1,Центральноафриканская Республика,нет,85
925,Дождь звездной мелодии,1955,225,5,Турция,нет,99
926,Голос счастливой дороги,1953,221,4,Гватемала,нет,68
927,Дождь цветной мелодии,1991,193,3,Парагвай,нет,28
928,Туман алой легенды,1968,190,5,Босния и Герцеговина,да,24
929,Ангел покинутой доброты,2022,71,3,Мьянма,нет,46
930,Стена блестящей дороги,1967,207,5,Джибути,нет,89
931,Секрет звездной дороги,1971,158,1,Афганистан,нет,12
932,Обрыв звездной мелодии,1977,160,3,Сербия,нет,21
933,Ангел алой мечты,1965,78,1,Гренада,да,39
934,Туман счастливой мечты,2023,184,3,Лесото,нет,16
935,Обрыв после мечты,2006,239,4,Кабо-Верде,да,83
936,Эхо счастливой мелодии,1967,157,5,Либерия,нет,29
937,Дождь цветной тишины,1991,217,2,Нигерия,нет,68
938,Ложь блестящей страсти,1986,82,1,Ирак,да,80
939,Голос твоей страсти,1996,240,5,Оман,нет,2
940,Ангел алой реальности,1981,233,5,Антигуа и Барбуда,да,15
941,Страницы алой легенды,1971,168,3,Словакия,да,8
942,Дождь счастливой дороги,1989,152,5,Намибия,да,6
943,Страницы воображаемой реальности,1982,123,2,Кипр,нет,90
944,Странник звездной страсти,1996,221,4,Сербия,да,55
945,Странник блестящей доброты,2010,114,3,Сент-Китс и Невис,да,73
946,Обрыв счастливой тишины,2000,176,5,Мали,нет,62
947,Эхо цветной доброты,1979,89,1,Канада,да,15
948,Туман хрустальной дороги,2002,63,1,Сальвадор,да,56
949,Эхо чужой дороги,1999,197,2,Мьянма,да,52
950,Ангел чужой реальности,1978,83,2,Словакия,да,98
951,Стена необычной мечты,1964,141,3,Норвегия,нет,39
952,Страницы воображаемой тишины,1968,164,3,Белиз,нет,79
953,Дождь после тишины,1961,235,4,Ямайка,да,97
954,Ложь твоей мечты,1955,191,4,Украина,да,43
955,Голос хрустальной легенды,1975,183,3,Пакистан,нет,51
956,Ложь счастливой страсти,2012,205,3,Саудовская Аравия,да,59
957,Обрывок хрустальной мечты,1991,162,2,Узбекистан,нет,20
958,Странник воображаемой доброты,2017,93,3,Таиланд,да,25
959,Туман счастливой мечты,1955,144,1,КНДР,нет,78
960,Секрет покинутой мечты,1990,106,3,Белиз,да,48
961,Секрет воздушной страсти,1960,72,5,Сенегал,да,83
962,Дождь после дороги,1998,132,1,Гаити,да,35
963,Секрет блестящей страсти,1994,143,2,Вануату,да,37
964,Обрывок чужой страсти,2001,189,1,Папуа,нет,62
965,Момент воображаемой мелодии,1997,123,1,Перу,да,99
966,Равновесие алой мечты,2020,68,1,Ангола,нет,36
967,Обрывок потерянной реальности,2002,146,1,Гватемала,нет,27
968,Обрывок алой реальности,1991,84,1,Парагвай,да,87
969,Ложь воздушной доброты,1973,173,2,Турция,нет,27
970,Секрет волшебной реальности,2023,84,1,Сент-Винсент и Гренадины,нет,59
971,Страницы потерянной легенды,1955,202,1,Монако,да,87
972,Ложь необычной мечты,1979,126,1,Тринидад и Тобаго,нет,57
973,Секрет необычной доброты,2007,154,5,Мадагаскар,нет,62
974,Странник необычной легенды,1966,233,3,Таджикистан,да,85
975,Небо после мелодии,1981,141,5,Туркмения,да,1
976,Дождь чужой дороги,2005,123,3,Самоа,нет,2
977,Момент волшебной мечты,1964,90,2,Доминика,да,50
978,Странник воображаемой тишины,1950,199,4,Малави,да,27
979,Секрет необычной реальности,1969,64,3,Сьерра-Леоне,нет,32
980,Обрыв хрустальной мечты,1991,240,2,Малайзия,да,80
981,Эхо алой легенды,2020,131,3,Демократическая Республика Конго,да,58
982,Секрет чужой легенды,1987,225,2,Мозамбик,нет,32
983,Обрыв покинутой страсти,1955,208,4,Гана,нет,42
984,Обрыв звездной легенды,1957,201,2,Вануату,нет,61
985,Дождь алой дороги,2013,202,3,Мозамбик,нет,69
986,Голос блестящей мечты,1958,104,4,Таджикистан,нет,53
987,Секрет блестящей тишины,1984,158,3,Антигуа и Барбуда,нет,22
988,Ложь волшебной дороги,2010,107,2,Камерун,нет,8
989,Страницы звездной тишины,2009,133,4,Канада,да,1
990,Небо потерянной страсти,1997,136,2,Туркмения,нет,71
991,Секрет алой мелодии,2003,211,2,Хорватия,да,69
992,Равновесие алой мелодии,1970,69,3,Великобритания,да,30
993,Секрет цветной мелодии,1960,172,2,Судан,нет,25
994,Эхо звездной мелодии,1959,132,5,Новая Зеландия,нет,78
995,Голос алой дороги,1955,237,2,Канада,да,76
996,Стена после доброты,1984,126,1,Намибия,нет,83
997,Равновесие хрустальной реальности,1960,72,5,Великобритания,нет,40
998,Ангел звездной доброты,1961,135,2,Куба,нет,31
999,Стена цветной дороги,1975,137,2,Гренада,да,53
1000,Голос звездной дороги,2012,226,3,Боливия,да,31
